"ID","Name_submitted","Overall_score","Name_matched_id","Name_matched","Name_score","Name_matched_rank","Author_submitted","Author_matched","Author_score","Canonical_author","Name_matched_accepted_family","Genus_submitted","Genus_matched","Genus_score","Specific_epithet_submitted","Specific_epithet_matched","Specific_epithet_score","Family_submitted","Family_matched","Family_score","Infraspecific_rank","Infraspecific_epithet_matched","Infraspecific_epithet_score","Infraspecific_rank_2","Infraspecific_epithet_2_matched","Infraspecific_epithet_2_score","Annotations","Unmatched_terms","Name_matched_url","Name_matched_lsid","Phonetic","Taxonomic_status","Accepted_name","Accepted_species","Accepted_name_author","Accepted_name_id","Accepted_name_rank","Accepted_name_url","Accepted_name_lsid","Accepted_family","Overall_score_order","Highertaxa_score_order","Source","Warnings","unique_id","Best_match_overall_score","Best_match_highertaxa"
"1","Acacia cyclops","1","189123","Acacia cyclops","1","species","","","","A.Cunn. ex G.Don","Fabaceae","Acacia","Acacia","1","cyclops","cyclops","1","","","","","","","","","","","","https://www.worldfloraonline.org/taxon/wfo-0000192127;https://powo.science.kew.org/taxon/urn:lsid:ipni.org:names:470108-1","","Y","Accepted","Acacia cyclops","Acacia cyclops","A.Cunn. ex G.Don","189123","species","https://www.worldfloraonline.org/taxon/wfo-0000192127;https://powo.science.kew.org/taxon/urn:lsid:ipni.org:names:470108-1","","Fabaceae",1,"1","wfo,wcvp","","1",true,true
"2","Acacia mearnsii","1","199931","Acacia mearnsii","1","species","","","","De Wild.","Fabaceae","Acacia","Acacia","1","mearnsii","mearnsii","1","","","","","","","","","","","","https://www.worldfloraonline.org/taxon/wfo-0000203882;https://powo.science.kew.org/taxon/urn:lsid:ipni.org:names:470860-1","","Y","Accepted","Acacia mearnsii","Acacia mearnsii","De Wild.","199931","species","https://www.worldfloraonline.org/taxon/wfo-0000203882;https://powo.science.kew.org/taxon/urn:lsid:ipni.org:names:470860-1","","Fabaceae",1,"1","wfo,wcvp","","2",true,true
"3","Acacia melanoxylon","1","200107","Acacia melanoxylon","1","species","","","","R.Br.","Fabaceae","Acacia","Acacia","1","melanoxylon","melanoxylon","1","","","","","","","","","","","","https://www.worldfloraonline.org/taxon/wfo-0000204086;https://powo.science.kew.org/taxon/urn:lsid:ipni.org:names:470873-1","","Y","Accepted","Acacia melanoxylon","Acacia melanoxylon","R.Br.","200107","species","https://www.worldfloraonline.org/taxon/wfo-0000204086;https://powo.science.kew.org/taxon/urn:lsid:ipni.org:names:470873-1","","Fabaceae",1,"1","wfo,wcvp","","3",true,true
"4","Acacia saligna","1","1041111","Acacia saligna","1","species","","","","(Labill.) H.L.Wendl.","Fabaceae","Acacia","Acacia","1","saligna","saligna","1","","","","","","","","","","","","https://www.worldfloraonline.org/taxon/wfo-0001054072;https://powo.science.kew.org/taxon/urn:lsid:ipni.org:names:471383-1","","Y","Accepted","Acacia saligna","Acacia saligna","(Labill.) H.L.Wendl.","1041111","species","https://www.worldfloraonline.org/taxon/wfo-0001054072;https://powo.science.kew.org/taxon/urn:lsid:ipni.org:names:471383-1","","Fabaceae",1,"1","wfo,wcvp","","4",true,true
"5","Acrosanthes humifusa","1","512494","Acrosanthes humifusa","1","species","","","","(Thunb.) Sond.","Aizoaceae","Acrosanthes","Acrosanthes","1","humifusa","humifusa","1","","","","","","","","","","","","https://www.worldfloraonline.org/taxon/wfo-0000518925;https://powo.science.kew.org/taxon/urn:lsid:ipni.org:names:360448-1","","Y","Accepted","Acrosanthes humifusa","Acrosanthes humifusa","(Thunb.) Sond.","512494","species","https://www.worldfloraonline.org/taxon/wfo-0000518925;https://powo.science.kew.org/taxon/urn:lsid:ipni.org:names:360448-1","","Aizoaceae",1,"1","wfo,wcvp","","5",true,true
"6","Agathosma ovata","1","517100","Agathosma ovata","1","species","","","","(Thunb.) Pillans","Rutaceae","Agathosma","Agathosma","1","ovata","ovata","1","","","","","","","","","","","","https://www.worldfloraonline.org/taxon/wfo-0000523548","","Y","Accepted","Agathosma ovata","Agathosma ovata","(Thunb.) Pillans","517100","species","https://www.worldfloraonline.org/taxon/wfo-0000523548","","Rutaceae",1,"1","wfo","","6",true,true
"6","Agathosma ovata","1","1643625","Agathosma ovata","1","species","","","","(Thunb.) F.Dietr.","Rutaceae","Agathosma","Agathosma","1","ovata","ovata","1","","","","","","","","","","","","https://powo.science.kew.org/taxon/urn:lsid:ipni.org:names:771026-1","","Y","Accepted","Agathosma ovata","Agathosma ovata","(Thunb.) F.Dietr.","1643625","species","https://powo.science.kew.org/taxon/urn:lsid:ipni.org:names:771026-1","","Rutaceae",2,"2","wcvp","","6",false,false
"7","Aspalathus spinosa","1","206906","Aspalathus spinosa","1","species","","","","L.","Fabaceae","Aspalathus","Aspalathus","1","spinosa","spinosa","1","","","","","","","","","","","","https://www.worldfloraonline.org/taxon/wfo-0000211493;https://powo.science.kew.org/taxon/urn:lsid:ipni.org:names:475820-1","","Y","Accepted","Aspalathus spinosa","Aspalathus spinosa","L.","206906","species","https://www.worldfloraonline.org/taxon/wfo-0000211493;https://powo.science.kew.org/taxon/urn:lsid:ipni.org:names:475820-1","","Fabaceae",1,"1","wfo,wcvp","","7",true,true
"8","Brabejum stellatifolium","1","563503","Brabejum stellatifolium","1","species","","","","L.","Proteaceae","Brabejum","Brabejum","1","stellatifolium","stellatifolium","1","","","","","","","","","","","","https://www.worldfloraonline.org/taxon/wfo-0000570189;https://powo.science.kew.org/taxon/urn:lsid:ipni.org:names:703232-1","","Y","Accepted","Brabejum stellatifolium","Brabejum stellatifolium","L.","563503","species","https://www.worldfloraonline.org/taxon/wfo-0000570189;https://powo.science.kew.org/taxon/urn:lsid:ipni.org:names:703232-1","","Proteaceae",1,"1","wfo,wcvp","","8",true,true
"9","Callistemon viminalis","1","768505","Callistemon viminalis","1","species","","","","(Sol. ex Gaertn.) G.Don","Myrtaceae","Callistemon","Callistemon","1","viminalis","viminalis","1","","","","","","","","","","","","https://www.worldfloraonline.org/taxon/wfo-0000776564","","Y","Synonym","Melaleuca viminalis","Melaleuca viminalis","(Sol. ex Gaertner) Byrnes","235059","species","https://www.worldfloraonline.org/taxon/wfo-0000239912","","Myrtaceae",1,"1","wfo","","9",true,true
"9","Callistemon viminalis","1","768505","Callistemon viminalis","1","species","","","","(Sol. ex Gaertn.) G.Don","Myrtaceae","Callistemon","Callistemon","1","viminalis","viminalis","1","","","","","","","","","","","","https://powo.science.kew.org/taxon/urn:lsid:ipni.org:names:591427-1","","Y","Synonym","Melaleuca viminalis","Melaleuca viminalis","(Sol. ex Gaertn.) Byrnes","1642270","species","https://powo.science.kew.org/taxon/urn:lsid:ipni.org:names:914221-1","","Myrtaceae",2,"2","wcvp","","9",false,false
"10","Cannomois robusta","1","914781","Cannomois robusta","1","species","","","","(Kunth) H.P.Linder","Restionaceae","Cannomois","Cannomois","1","robusta","robusta","1","","","","","","","","","","","","https://www.worldfloraonline.org/taxon/wfo-0000923177;https://powo.science.kew.org/taxon/urn:lsid:ipni.org:names:77111617-1","","Y","Accepted","Cannomois robusta","Cannomois robusta","(Kunth) H.P.Linder","914781","species","https://www.worldfloraonline.org/taxon/wfo-0000923177;https://powo.science.kew.org/taxon/urn:lsid:ipni.org:names:77111617-1","","Restionaceae",1,"1","wfo,wcvp","","10",true,true
"10","Cannomois robusta","1","1020944","Cannomois robusta","1","species","","","","Hochst.","Restionaceae","Cannomois","Cannomois","1","robusta","robusta","1","","","","","","","","","","","","https://www.worldfloraonline.org/taxon/wfo-0001033400","","Y","Synonym","Cannomois robusta","Cannomois robusta","(Kunth) H.P.Linder","914781","species","https://www.worldfloraonline.org/taxon/wfo-0000923177","","Restionaceae",3,"3","wfo","","10",false,false
"11","Cassine peragua","1","582599","Cassine peragua","1","species","","","","L.","Celastraceae","Cassine","Cassine","1","peragua","peragua","1","","","","","","","","","","","","https://www.worldfloraonline.org/taxon/wfo-0000589499;https://powo.science.kew.org/taxon/urn:lsid:ipni.org:names:160100-1","","Y","Accepted","Cassine peragua","Cassine peragua","L.","582599","species","https://www.worldfloraonline.org/taxon/wfo-0000589499;https://powo.science.kew.org/taxon/urn:lsid:ipni.org:names:160100-1","","Celastraceae",1,"1","wfo,wcvp","","11",true,true
"12","Cestrum laevigatum","1","1010439","Cestrum laevigatum","1","species","","","","Schltdl.","Solanaceae","Cestrum","Cestrum","1","laevigatum","laevigatum","1","","","","","","","","","","","","https://powo.science.kew.org/taxon/urn:lsid:ipni.org:names:330723-2","","Y","Accepted","Cestrum laevigatum","Cestrum laevigatum","Schltdl.","1010439","species","https://powo.science.kew.org/taxon/urn:lsid:ipni.org:names:330723-2","","Solanaceae",1,"1","wcvp","","12",true,true
"12","Cestrum laevigatum","1","1010439","Cestrum laevigatum","1","species","","","","Schltdl.","Solanaceae","Cestrum","Cestrum","1","laevigatum","laevigatum","1","","","","","","","","","","","","https://www.worldfloraonline.org/taxon/wfo-0001020605","","Y","Synonym","Cestrum axillare","Cestrum axillare","Vell.","1010213","species","https://www.worldfloraonline.org/taxon/wfo-0001020336","","Solanaceae",2,"2","wfo","","12",false,false
"13","Cliffortia ericifolia","1","994664","Cliffortia ericifolia","1","species","","","","L.f.","Rosaceae","Cliffortia","Cliffortia","1","ericifolia","ericifolia","1","","","","","","","","","","","","https://www.worldfloraonline.org/taxon/wfo-0001003911;https://powo.science.kew.org/taxon/urn:lsid:ipni.org:names:722247-1","","Y","Accepted","Cliffortia ericifolia","Cliffortia ericifolia","L.f.","994664","species","https://www.worldfloraonline.org/taxon/wfo-0001003911;https://powo.science.kew.org/taxon/urn:lsid:ipni.org:names:722247-1","","Rosaceae",1,"1","wfo,wcvp","","13",true,true
"13","Cliffortia ericifolia","1","1007291","Cliffortia ericifolia","1","species","","","","E.Mey. ex Harv.","Rosaceae","Cliffortia","Cliffortia","1","ericifolia","ericifolia","1","","","","","","","","","","","","https://powo.science.kew.org/taxon/urn:lsid:ipni.org:names:2943671-4","","Y","Invalid","Cliffortia eriocephalina","Cliffortia eriocephalina","Cham.","1007149","species","https://powo.science.kew.org/taxon/urn:lsid:ipni.org:names:722248-1","","Rosaceae",3,"4","wcvp","[HigherTaxa]","13",false,false
"13","Cliffortia ericifolia","1","1007291","Cliffortia ericifolia","1","species","","","","E.Mey. ex Harv.","Rosaceae","Cliffortia","Cliffortia","1","ericifolia","ericifolia","1","","","","","","","","","","","","https://www.worldfloraonline.org/taxon/wfo-0001017183","","Y","Synonym","Cliffortia eriocephalina","Cliffortia eriocephalina","Cham.","1007149","species","https://www.worldfloraonline.org/taxon/wfo-0001017037","","Rosaceae",4,"3","wfo","[Overall]","13",false,false
"14","Cliffortia ilicifolia","1","1007172","Cliffortia ilicifolia","1","species","","","","L.","Rosaceae","Cliffortia","Cliffortia","1","ilicifolia","ilicifolia","1","","","","","","","","","","","","https://www.worldfloraonline.org/taxon/wfo-0001017060;https://powo.science.kew.org/taxon/urn:lsid:ipni.org:names:722273-1","","Y","Accepted","Cliffortia ilicifolia","Cliffortia ilicifolia","L.","1007172","species","https://www.worldfloraonline.org/taxon/wfo-0001017060;https://powo.science.kew.org/taxon/urn:lsid:ipni.org:names:722273-1","","Rosaceae",1,"1","wfo,wcvp","","14",true,true
"15","Diospyros dichrophylla","1","641454","Diospyros dichrophylla","1","species","","","","(Gand.) De Winter","Ebenaceae","Diospyros","Diospyros","1","dichrophylla","dichrophylla","1","","","","","","","","","","","","https://www.worldfloraonline.org/taxon/wfo-0000648771;https://powo.science.kew.org/taxon/urn:lsid:ipni.org:names:322319-1","","Y","Accepted","Diospyros dichrophylla","Diospyros dichrophylla","(Gand.) De Winter","641454","species","https://www.worldfloraonline.org/taxon/wfo-0000648771;https://powo.science.kew.org/taxon/urn:lsid:ipni.org:names:322319-1","","Ebenaceae",1,"1","wfo,wcvp","","15",true,true
"16","Dodonaea viscosa","1","645845","Dodonaea viscosa","1","species","","","","Jacq.","Sapindaceae","Dodonaea","Dodonaea","1","viscosa","viscosa","1","","","","","","","","","","","","https://www.worldfloraonline.org/taxon/wfo-0000653170;https://powo.science.kew.org/taxon/urn:lsid:ipni.org:names:30058367-2","","Y","Accepted","Dodonaea viscosa","Dodonaea viscosa","Jacq.","645845","species","https://www.worldfloraonline.org/taxon/wfo-0000653170;https://powo.science.kew.org/taxon/urn:lsid:ipni.org:names:30058367-2","","Sapindaceae",1,"1","wfo,wcvp","","16",true,true
"17","Elytropappus gnaphaloides","1","1682913","Elytropappus gnaphaloides","1","species","","","","(L.) Levyns","Asteraceae","Elytropappus","Elytropappus","1","gnaphaloides","gnaphaloides","1","","","","","","","","","","","","https://powo.science.kew.org/taxon/urn:lsid:ipni.org:names:203012-1","","Y","Synonym","Myrovernix gnaphaloides","Myrovernix gnaphaloides","(L.) Koek.","1684668","species","https://powo.science.kew.org/taxon/urn:lsid:ipni.org:names:77197870-1","","Asteraceae",1,"1","wcvp","","17",true,true
"18","Elytropappus rhinocerotis","1","75741","Elytropappus rhinocerotis","1","species","","","","Less.","Asteraceae","Elytropappus","Elytropappus","1","rhinocerotis","rhinocerotis","1","","","","","","","","","","","","https://www.worldfloraonline.org/taxon/wfo-0000076488","","Y","Accepted","Elytropappus rhinocerotis","Elytropappus rhinocerotis","Less.","75741","species","https://www.worldfloraonline.org/taxon/wfo-0000076488","","Asteraceae",1,"1","wfo","","18",true,true
"18","Elytropappus rhinocerotis","1","1580088","Elytropappus rhinocerotis","1","species","","","","(L.f.) Less.","Asteraceae","Elytropappus","Elytropappus","1","rhinocerotis","rhinocerotis","1","","","","","","","","","","","","https://powo.science.kew.org/taxon/urn:lsid:ipni.org:names:203016-1","","Y","Synonym","Dicerothamnus rhinocerotis","Dicerothamnus rhinocerotis","(L.f.) Koek.","87486","species","https://powo.science.kew.org/taxon/urn:lsid:ipni.org:names:77197864-1","","Asteraceae",2,"2","wcvp","","18",false,false
"19","Erica canaliculata","1","664193","Erica canaliculata","1","species","","","","Andrews","Ericaceae","Erica","Erica","1","canaliculata","canaliculata","1","","","","","","","","","","","","https://www.worldfloraonline.org/taxon/wfo-0000671612;https://powo.science.kew.org/taxon/urn:lsid:ipni.org:names:328367-1","","Y","Accepted","Erica canaliculata","Erica canaliculata","Andrews","664193","species","https://www.worldfloraonline.org/taxon/wfo-0000671612;https://powo.science.kew.org/taxon/urn:lsid:ipni.org:names:328367-1","","Ericaceae",1,"1","wfo,wcvp","","19",true,true
"20","Erica discolor","1","664471","Erica discolor","1","species","","","","Andrews","Ericaceae","Erica","Erica","1","discolor","discolor","1","","","","","","","","","","","","https://www.worldfloraonline.org/taxon/wfo-0000671892;https://powo.science.kew.org/taxon/urn:lsid:ipni.org:names:328584-1","","Y","Accepted","Erica discolor","Erica discolor","Andrews","664471","species","https://www.worldfloraonline.org/taxon/wfo-0000671892;https://powo.science.kew.org/taxon/urn:lsid:ipni.org:names:328584-1","","Ericaceae",1,"1","wfo,wcvp","","20",true,true
"21","Eucalyptus camaldulensis","1","945982","Eucalyptus camaldulensis","1","species","","","","Dehnh.","Myrtaceae","Eucalyptus","Eucalyptus","1","camaldulensis","camaldulensis","1","","","","","","","","","","","","https://www.worldfloraonline.org/taxon/wfo-0000954597;https://powo.science.kew.org/taxon/urn:lsid:ipni.org:names:592777-1","","Y","Accepted","Eucalyptus camaldulensis","Eucalyptus camaldulensis","Dehnh.","945982","species","https://www.worldfloraonline.org/taxon/wfo-0000954597;https://powo.science.kew.org/taxon/urn:lsid:ipni.org:names:592777-1","","Myrtaceae",1,"1","wfo,wcvp","","21",true,true
"22","Gymnosporia buxifolia","1","705264","Gymnosporia buxifolia","1","species","","","","(L.) Szyszył.","Celastraceae","Gymnosporia","Gymnosporia","1","buxifolia","buxifolia","1","","","","","","","","","","","","https://www.worldfloraonline.org/taxon/wfo-0000712869;https://powo.science.kew.org/taxon/urn:lsid:ipni.org:names:161310-1","","Y","Accepted","Gymnosporia buxifolia","Gymnosporia buxifolia","(L.) Szyszył.","705264","species","https://www.worldfloraonline.org/taxon/wfo-0000712869;https://powo.science.kew.org/taxon/urn:lsid:ipni.org:names:161310-1","","Celastraceae",1,"1","wfo,wcvp","","22",true,true
"23","Kniphofia uvaria","1","667864","Kniphofia uvaria","1","species","","","","(L.) Oken","Asphodelaceae","Kniphofia","Kniphofia","1","uvaria","uvaria","1","","","","","","","","","","","","https://www.worldfloraonline.org/taxon/wfo-0000675300;https://powo.science.kew.org/taxon/urn:lsid:ipni.org:names:537112-1","","Y","Accepted","Kniphofia uvaria","Kniphofia uvaria","(L.) Oken","667864","species","https://www.worldfloraonline.org/taxon/wfo-0000675300;https://powo.science.kew.org/taxon/urn:lsid:ipni.org:names:537112-1","","Asphodelaceae",1,"1","wfo,wcvp","","23",true,true
"24","Leptospermum laevigatum","1","221811","Leptospermum laevigatum","1","species","","","","(Gaertn.) F.Muell.","Myrtaceae","Leptospermum","Leptospermum","1","laevigatum","laevigatum","1","","","","","","","","","","","","https://www.worldfloraonline.org/taxon/wfo-0000226626;https://powo.science.kew.org/taxon/urn:lsid:ipni.org:names:597433-1","","Y","Accepted","Leptospermum laevigatum","Leptospermum laevigatum","(Gaertn.) F.Muell.","221811","species","https://www.worldfloraonline.org/taxon/wfo-0000226626;https://powo.science.kew.org/taxon/urn:lsid:ipni.org:names:597433-1","","Myrtaceae",1,"1","wfo,wcvp","","24",true,true
"25","Leucadendron eucalyptifolium","1","1092440","Leucadendron eucalyptifolium","1","species","","","","H.Buek ex Meisn.","Proteaceae","Leucadendron","Leucadendron","1","eucalyptifolium","eucalyptifolium","1","","","","","","","","","","","","https://www.worldfloraonline.org/taxon/wfo-0001106966;https://powo.science.kew.org/taxon/urn:lsid:ipni.org:names:704793-1","","Y","Accepted","Leucadendron eucalyptifolium","Leucadendron eucalyptifolium","H.Buek ex Meisn.","1092440","species","https://www.worldfloraonline.org/taxon/wfo-0001106966;https://powo.science.kew.org/taxon/urn:lsid:ipni.org:names:704793-1","","Proteaceae",1,"1","wfo,wcvp","","25",true,true
"26","Leucadendron glaberrimum","1","1092447","Leucadendron glaberrimum","1","species","","","","(Schltr.) Compton","Proteaceae","Leucadendron","Leucadendron","1","glaberrimum","glaberrimum","1","","","","","","","","","","","","https://www.worldfloraonline.org/taxon/wfo-0001106973;https://powo.science.kew.org/taxon/urn:lsid:ipni.org:names:704806-1","","Y","Accepted","Leucadendron glaberrimum","Leucadendron glaberrimum","(Schltr.) Compton","1092447","species","https://www.worldfloraonline.org/taxon/wfo-0001106973;https://powo.science.kew.org/taxon/urn:lsid:ipni.org:names:704806-1","","Proteaceae",1,"1","wfo,wcvp","","26",true,true
"27","Leucadendron pubescens","1","1092484","Leucadendron pubescens","1","species","","","","R.Br.","Proteaceae","Leucadendron","Leucadendron","1","pubescens","pubescens","1","","","","","","","","","","","","https://www.worldfloraonline.org/taxon/wfo-0001107010;https://powo.science.kew.org/taxon/urn:lsid:ipni.org:names:704903-1","","Y","Accepted","Leucadendron pubescens","Leucadendron pubescens","R.Br.","1092484","species","https://www.worldfloraonline.org/taxon/wfo-0001107010;https://powo.science.kew.org/taxon/urn:lsid:ipni.org:names:704903-1","","Proteaceae",1,"1","wfo,wcvp","","27",true,true
"28","Maytenus oleoides","1","1275139","Maytenus oleoides","1","species","","","","(Lam.) Loes.","Celastraceae","Maytenus","Maytenus","1","oleoides","oleoides","1","","","","","","","","","","","","https://www.worldfloraonline.org/taxon/wfo-0001292617;https://powo.science.kew.org/taxon/urn:lsid:ipni.org:names:162011-1","","Y","Accepted","Maytenus oleoides","Maytenus oleoides","(Lam.) Loes.","1275139","species","https://www.worldfloraonline.org/taxon/wfo-0001292617;https://powo.science.kew.org/taxon/urn:lsid:ipni.org:names:162011-1","","Celastraceae",1,"1","wfo,wcvp","","28",true,true
"29","Metalasia muricata","1","137734","Metalasia muricata","1","species","","","","(L.) D.Don","Asteraceae","Metalasia","Metalasia","1","muricata","muricata","1","","","","","","","","","","","","https://www.worldfloraonline.org/taxon/wfo-0000139243","","Y","Accepted","Metalasia muricata","Metalasia muricata","(L.) D.Don","137734","species","https://www.worldfloraonline.org/taxon/wfo-0000139243","","Asteraceae",1,"1","wfo","[Ambiguous]","29",true,true
"29","Metalasia muricata","1","87323","Metalasia muricata","1","species","","","","R.Br.","Asteraceae","Metalasia","Metalasia","1","muricata","muricata","1","","","","","","","","","","","","https://www.worldfloraonline.org/taxon/wfo-0000088209","","Y","Accepted","Metalasia muricata","Metalasia muricata","R.Br.","87323","species","https://www.worldfloraonline.org/taxon/wfo-0000088209","","Asteraceae",2,"2","wfo","[Ambiguous]","29",false,false
"29","Metalasia muricata","1","1656970","Metalasia muricata","1","species","","","","(L.) R.Br.","Asteraceae","Metalasia","Metalasia","1","muricata","muricata","1","","","","","","","","","","","","https://powo.science.kew.org/taxon/urn:lsid:ipni.org:names:232382-1","","Y","Accepted","Metalasia muricata","Metalasia muricata","(L.) R.Br.","1656970","species","https://powo.science.kew.org/taxon/urn:lsid:ipni.org:names:232382-1","","Asteraceae",3,"3","wcvp","","29",false,false
"30","Metrosideros angustifolia","1","237490","Metrosideros angustifolia","1","species","","","","(L.) Sm.","Myrtaceae","Metrosideros","Metrosideros","1","angustifolia","angustifolia","1","","","","","","","","","","","","https://www.worldfloraonline.org/taxon/wfo-0000242348;https://powo.science.kew.org/taxon/urn:lsid:ipni.org:names:598157-1","","Y","Accepted","Metrosideros angustifolia","Metrosideros angustifolia","(L.) Sm.","237490","species","https://www.worldfloraonline.org/taxon/wfo-0000242348;https://powo.science.kew.org/taxon/urn:lsid:ipni.org:names:598157-1","","Myrtaceae",1,"1","wfo,wcvp","","30",true,true
"30","Metrosideros angustifolia","1","237491","Metrosideros angustifolia","1","species","","","","Dum.Cours.","Myrtaceae","Metrosideros","Metrosideros","1","angustifolia","angustifolia","1","","","","","","","","","","","","https://powo.science.kew.org/taxon/urn:lsid:ipni.org:names:598156-1","","Y","Illegitimate","Melaleuca citrina","Melaleuca citrina","(Curtis) Dum.Cours.","234621","species","https://powo.science.kew.org/taxon/urn:lsid:ipni.org:names:77108602-1","","Myrtaceae",3,"4","wcvp","[HigherTaxa]","30",false,false
"30","Metrosideros angustifolia","1","237491","Metrosideros angustifolia","1","species","","","","Dum.Cours.","Myrtaceae","Metrosideros","Metrosideros","1","angustifolia","angustifolia","1","","","","","","","","","","","","https://www.worldfloraonline.org/taxon/wfo-0000242349","","Y","Synonym","Melaleuca citrina","Melaleuca citrina","(Curtis) Dum.Cours.","234621","species","https://www.worldfloraonline.org/taxon/wfo-0000239474","","Myrtaceae",4,"3","wfo","[Overall]","30",false,false
"31","Osteospermum moniliferum","1","112182","Osteospermum moniliferum","1","species","","","","L.","Asteraceae","Osteospermum","Osteospermum","1","moniliferum","moniliferum","1","","","","","","","","","","","","https://www.worldfloraonline.org/taxon/wfo-0000113312;https://powo.science.kew.org/taxon/urn:lsid:ipni.org:names:235839-1","","Y","Accepted","Osteospermum moniliferum","Osteospermum moniliferum","L.","112182","species","https://www.worldfloraonline.org/taxon/wfo-0000113312;https://powo.science.kew.org/taxon/urn:lsid:ipni.org:names:235839-1","","Asteraceae",1,"1","wfo,wcvp","","31",true,true
"32","Osyris compressa","1","382703","Osyris compressa","1","species","","","","A.DC.","Santalaceae","Osyris","Osyris","1","compressa","compressa","1","","","","","","","","","","","","https://www.worldfloraonline.org/taxon/wfo-0000388248","","Y","Accepted","Osyris compressa","Osyris compressa","A.DC.","382703","species","https://www.worldfloraonline.org/taxon/wfo-0000388248","","Santalaceae",1,"1","wfo","","32",true,true
"32","Osyris compressa","1","1784776","Osyris compressa","1","species","","","","(P.J.Bergius) A.DC.","Santalaceae","Osyris","Osyris","1","compressa","compressa","1","","","","","","","","","","","","https://powo.science.kew.org/taxon/urn:lsid:ipni.org:names:780500-1","","Y","Accepted","Osyris compressa","Osyris compressa","(P.J.Bergius) A.DC.","1784776","species","https://powo.science.kew.org/taxon/urn:lsid:ipni.org:names:780500-1","","Santalaceae",2,"2","wcvp","","32",false,false
"33","Paranomus bracteolaris","1","1092028","Paranomus bracteolaris","1","species","","","","Knight","Proteaceae","Paranomus","Paranomus","1","bracteolaris","bracteolaris","1","","","","","","","","","","","","https://www.worldfloraonline.org/taxon/wfo-0001106547;https://powo.science.kew.org/taxon/urn:lsid:ipni.org:names:705334-1","","Y","Accepted","Paranomus bracteolaris","Paranomus bracteolaris","Knight","1092028","species","https://www.worldfloraonline.org/taxon/wfo-0001106547;https://powo.science.kew.org/taxon/urn:lsid:ipni.org:names:705334-1","","Proteaceae",1,"1","wfo,wcvp","","33",true,true
"34","Passerina rigida","1","1127436","Passerina rigida","1","species","","","","Wikstr.","Thymelaeaceae","Passerina","Passerina","1","rigida","rigida","1","","","","","","","","","","","","https://www.worldfloraonline.org/taxon/wfo-0001142504;https://powo.science.kew.org/taxon/urn:lsid:ipni.org:names:832386-1","","Y","Accepted","Passerina rigida","Passerina rigida","Wikstr.","1127436","species","https://www.worldfloraonline.org/taxon/wfo-0001142504;https://powo.science.kew.org/taxon/urn:lsid:ipni.org:names:832386-1","","Thymelaeaceae",1,"1","wfo,wcvp","","34",true,true
"35","Passerina truncata","1","1249125","Passerina truncata","1","species","","","","(Meisn.) Bredenk. & A.E.van Wyk","Thymelaeaceae","Passerina","Passerina","1","truncata","truncata","1","","","","","","","","","","","","https://www.worldfloraonline.org/taxon/wfo-0001265878;https://powo.science.kew.org/taxon/urn:lsid:ipni.org:names:20006884-1","","Y","Accepted","Passerina truncata","Passerina truncata","(Meisn.) Bredenk. & A.E.van Wyk","1249125","species","https://www.worldfloraonline.org/taxon/wfo-0001265878;https://powo.science.kew.org/taxon/urn:lsid:ipni.org:names:20006884-1","","Thymelaeaceae",1,"1","wfo,wcvp","","35",true,true
"36","Pelargonium scabrum","1","1050990","Pelargonium scabrum","1","species","","","","L'Hér.","Geraniaceae","Pelargonium","Pelargonium","1","scabrum","scabrum","1","","","","","","","","","","","","https://www.worldfloraonline.org/taxon/wfo-0001064370","","Y","Accepted","Pelargonium scabrum","Pelargonium scabrum","L'Hér.","1050990","species","https://www.worldfloraonline.org/taxon/wfo-0001064370","","Geraniaceae",1,"1","wfo","","36",true,true
"36","Pelargonium scabrum","1","1618026","Pelargonium scabrum","1","species","","","","(L.) L'Hér.","Geraniaceae","Pelargonium","Pelargonium","1","scabrum","scabrum","1","","","","","","","","","","","","https://powo.science.kew.org/taxon/urn:lsid:ipni.org:names:60443354-2","","Y","Accepted","Pelargonium scabrum","Pelargonium scabrum","(L.) L'Hér.","1618026","species","https://powo.science.kew.org/taxon/urn:lsid:ipni.org:names:60443354-2","","Geraniaceae",2,"2","wcvp","","36",false,false
"37","Phylica axillaris","1","1116263","Phylica axillaris","1","species","","","","Lam.","Rhamnaceae","Phylica","Phylica","1","axillaris","axillaris","1","","","","","","","","","","","","https://www.worldfloraonline.org/taxon/wfo-0001131019;https://powo.science.kew.org/taxon/urn:lsid:ipni.org:names:717744-1","","Y","Accepted","Phylica axillaris","Phylica axillaris","Lam.","1116263","species","https://www.worldfloraonline.org/taxon/wfo-0001131019;https://powo.science.kew.org/taxon/urn:lsid:ipni.org:names:717744-1","","Rhamnaceae",1,"1","wfo,wcvp","","37",true,true
"38","Pinus pinaster","1","475745","Pinus pinaster","1","species","","","","Aiton","Pinaceae","Pinus","Pinus","1","pinaster","pinaster","1","","","","","","","","","","","","https://www.worldfloraonline.org/taxon/wfo-0000481910;https://powo.science.kew.org/taxon/urn:lsid:ipni.org:names:263216-1","","Y","Accepted","Pinus pinaster","Pinus pinaster","Aiton","475745","species","https://www.worldfloraonline.org/taxon/wfo-0000481910;https://powo.science.kew.org/taxon/urn:lsid:ipni.org:names:263216-1","","Pinaceae",1,"1","wfo,wcvp","","38",true,true
"39","Pinus radiata","1","475672","Pinus radiata","1","species","","","","D.Don","Pinaceae","Pinus","Pinus","1","radiata","radiata","1","","","","","","","","","","","","https://www.worldfloraonline.org/taxon/wfo-0000481837;https://powo.science.kew.org/taxon/urn:lsid:ipni.org:names:30020085-2","","Y","Accepted","Pinus radiata","Pinus radiata","D.Don","475672","species","https://www.worldfloraonline.org/taxon/wfo-0000481837;https://powo.science.kew.org/taxon/urn:lsid:ipni.org:names:30020085-2","","Pinaceae",1,"1","wfo,wcvp","","39",true,true
"40","Protea laurifolia","1","1092257","Protea laurifolia","1","species","","","","Thunb.","Proteaceae","Protea","Protea","1","laurifolia","laurifolia","1","","","","","","","","","","","","https://www.worldfloraonline.org/taxon/wfo-0001106779;https://powo.science.kew.org/taxon/urn:lsid:ipni.org:names:705904-1","","Y","Accepted","Protea laurifolia","Protea laurifolia","Thunb.","1092257","species","https://www.worldfloraonline.org/taxon/wfo-0001106779;https://powo.science.kew.org/taxon/urn:lsid:ipni.org:names:705904-1","","Proteaceae",1,"1","wfo,wcvp","","40",true,true
"41","Protea nitida","1","1092279","Protea nitida","1","species","","","","Mill.","Proteaceae","Protea","Protea","1","nitida","nitida","1","","","","","","","","","","","","https://www.worldfloraonline.org/taxon/wfo-0001106801;https://powo.science.kew.org/taxon/urn:lsid:ipni.org:names:705978-1","","Y","Accepted","Protea nitida","Protea nitida","Mill.","1092279","species","https://www.worldfloraonline.org/taxon/wfo-0001106801;https://powo.science.kew.org/taxon/urn:lsid:ipni.org:names:705978-1","","Proteaceae",1,"1","wfo,wcvp","","41",true,true
"41","Protea nitida","1","1807248","Protea nitida","1","species","","","","Kuntze","Proteaceae","Protea","Protea","1","nitida","nitida","1","","","","","","","","","","","","https://powo.science.kew.org/taxon/urn:lsid:ipni.org:names:705979-1","","Y","Illegitimate","Leucadendron nitidum","Leucadendron nitidum","H.Buek ex Meisn.","1092475","species","https://powo.science.kew.org/taxon/urn:lsid:ipni.org:names:704867-1","","Proteaceae",3,"3","wcvp","","41",false,false
"42","Pteridium aquilinum","1","1092870","Pteridium aquilinum","1","species","","","","(L.) Kuhn","Dennstaedtiaceae","Pteridium","Pteridium","1","aquilinum","aquilinum","1","","","","","","","","","","","","https://www.worldfloraonline.org/taxon/wfo-0001107402;https://powo.science.kew.org/taxon/urn:lsid:ipni.org:names:17210060-1","","Y","Accepted","Pteridium aquilinum","Pteridium aquilinum","(L.) Kuhn","1092870","species","https://www.worldfloraonline.org/taxon/wfo-0001107402;https://powo.science.kew.org/taxon/urn:lsid:ipni.org:names:17210060-1","","Dennstaedtiaceae",1,"1","wfo,wcvp","","42",true,true
"43","Pterocelastrus tricuspidatus","1","1275154","Pterocelastrus tricuspidatus","1","species","","","","Walp.","Celastraceae","Pterocelastrus","Pterocelastrus","1","tricuspidatus","tricuspidatus","1","","","","","","","","","","","","https://www.worldfloraonline.org/taxon/wfo-0001292633","","Y","Accepted","Pterocelastrus tricuspidatus","Pterocelastrus tricuspidatus","Walp.","1275154","species","https://www.worldfloraonline.org/taxon/wfo-0001292633","","Celastraceae",1,"1","wfo","","43",true,true
"43","Pterocelastrus tricuspidatus","1","1694738","Pterocelastrus tricuspidatus","1","species","","","","(Lam.) Walp.","Celastraceae","Pterocelastrus","Pterocelastrus","1","tricuspidatus","tricuspidatus","1","","","","","","","","","","","","https://powo.science.kew.org/taxon/urn:lsid:ipni.org:names:162445-1","","Y","Accepted","Pterocelastrus tricuspidatus","Pterocelastrus tricuspidatus","(Lam.) Walp.","1694738","species","https://powo.science.kew.org/taxon/urn:lsid:ipni.org:names:162445-1","","Celastraceae",2,"2","wcvp","","43",false,false
"44","Restio sieberi","1","506412","Restio sieberi","1","species","","","","Kunth","Restionaceae","Restio","Restio","1","sieberi","sieberi","1","","","","","","","","","","","","https://www.worldfloraonline.org/taxon/wfo-0000512799;https://powo.science.kew.org/taxon/urn:lsid:ipni.org:names:716378-1","","Y","Accepted","Restio sieberi","Restio sieberi","Kunth","506412","species","https://www.worldfloraonline.org/taxon/wfo-0000512799;https://powo.science.kew.org/taxon/urn:lsid:ipni.org:names:716378-1","","Restionaceae",1,"1","wfo,wcvp","","44",true,true
"45","Scolopia zeyheri","1","1049708","Scolopia zeyheri","1","species","","","","(Nees) Szyszyl.","Salicaceae","Scolopia","Scolopia","1","zeyheri","zeyheri","1","","","","","","","","","","","","https://www.worldfloraonline.org/taxon/wfo-0001063070;https://powo.science.kew.org/taxon/urn:lsid:ipni.org:names:112092-1","","Y","Accepted","Scolopia zeyheri","Scolopia zeyheri","(Nees) Szyszyl.","1049708","species","https://www.worldfloraonline.org/taxon/wfo-0001063070;https://powo.science.kew.org/taxon/urn:lsid:ipni.org:names:112092-1","","Salicaceae",1,"1","wfo,wcvp","[Ambiguous]","45",true,true
"45","Scolopia zeyheri","1","905586","Scolopia zeyheri","1","species","","","","Szyszył.","Salicaceae","Scolopia","Scolopia","1","zeyheri","zeyheri","1","","","","","","","","","","","","https://www.worldfloraonline.org/taxon/wfo-0000913951","","Y","Accepted","Scolopia zeyheri","Scolopia zeyheri","Szyszył.","905586","species","https://www.worldfloraonline.org/taxon/wfo-0000913951","","Salicaceae",2,"2","wfo","[Ambiguous]","45",false,false
"45","Scolopia zeyheri","1","1317322","Scolopia zeyheri","1","species","","","","Warb.","Salicaceae","Scolopia","Scolopia","1","zeyheri","zeyheri","1","","","","","","","","","","","","https://www.worldfloraonline.org/taxon/wfo-0001349150","","Y","No opinion","","","","","","","","",4,"4","wfo","","45",false,false
"46","Searsia lucida","1","428978","Searsia lucida","1","species","","","","(L.) F.A.Barkley","Anacardiaceae","Searsia","Searsia","1","lucida","lucida","1","","","","","","","","","","","","https://www.worldfloraonline.org/taxon/wfo-0000434839;https://powo.science.kew.org/taxon/urn:lsid:ipni.org:names:71179-1","","Y","Accepted","Searsia lucida","Searsia lucida","(L.) F.A.Barkley","428978","species","https://www.worldfloraonline.org/taxon/wfo-0000434839;https://powo.science.kew.org/taxon/urn:lsid:ipni.org:names:71179-1","","Anacardiaceae",1,"1","wfo,wcvp","","46",true,true
"47","Sideroxylon inerme","1","305734","Sideroxylon inerme","1","species","","","","L.","Sapotaceae","Sideroxylon","Sideroxylon","1","inerme","inerme","1","","","","","","","","","","","","https://www.worldfloraonline.org/taxon/wfo-0000310772;https://powo.science.kew.org/taxon/urn:lsid:ipni.org:names:789686-1","","Y","Accepted","Sideroxylon inerme","Sideroxylon inerme","L.","305734","species","https://www.worldfloraonline.org/taxon/wfo-0000310772;https://powo.science.kew.org/taxon/urn:lsid:ipni.org:names:789686-1","","Sapotaceae",1,"1","wfo,wcvp","","47",true,true
"48","Stoebe plumosa","1","20957","Stoebe plumosa","1","species","","","","Thunb.","Asteraceae","Stoebe","Stoebe","1","plumosa","plumosa","1","","","","","","","","","","","","https://www.worldfloraonline.org/taxon/wfo-0000020564","","Y","Synonym","Seriphium plumosum","Seriphium plumosum","L.","67560","species","https://www.worldfloraonline.org/taxon/wfo-0000068197","","Asteraceae",1,"1","wfo","","48",true,true
"48","Stoebe plumosa","1","1635189","Stoebe plumosa","1","species","","","","(L.) Thunb.","Asteraceae","Stoebe","Stoebe","1","plumosa","plumosa","1","","","","","","","","","","","","https://powo.science.kew.org/taxon/urn:lsid:ipni.org:names:251823-1","","Y","Synonym","Seriphium plumosum","Seriphium plumosum","L.","67560","species","https://powo.science.kew.org/taxon/urn:lsid:ipni.org:names:248506-1","","Asteraceae",2,"2","wcvp","","48",false,false
"49","Tarchonanthus littoralis","1","122868","Tarchonanthus littoralis","1","species","","","","P.P.J.Herman","Asteraceae","Tarchonanthus","Tarchonanthus","1","littoralis","littoralis","1","","","","","","","","","","","","https://www.worldfloraonline.org/taxon/wfo-0000124161;https://powo.science.kew.org/taxon/urn:lsid:ipni.org:names:20006732-1","","Y","Accepted","Tarchonanthus littoralis","Tarchonanthus littoralis","P.P.J.Herman","122868","species","https://www.worldfloraonline.org/taxon/wfo-0000124161;https://powo.science.kew.org/taxon/urn:lsid:ipni.org:names:20006732-1","","Asteraceae",1,"1","wfo,wcvp","","49",true,true
"50","Widdringtonia cedarbergensis","1","421939","Widdringtonia cedarbergensis","1","species","","","","J.A.Marsh","Cupressaceae","Widdringtonia","Widdringtonia","1","cedarbergensis","cedarbergensis","1","","","","","","","","","","","","https://www.worldfloraonline.org/taxon/wfo-0000427761;https://powo.science.kew.org/taxon/urn:lsid:ipni.org:names:294876-1","","Y","Accepted","Widdringtonia cedarbergensis","Widdringtonia cedarbergensis","J.A.Marsh","421939","species","https://www.worldfloraonline.org/taxon/wfo-0000427761;https://powo.science.kew.org/taxon/urn:lsid:ipni.org:names:294876-1","","Cupressaceae",1,"1","wfo,wcvp","","50",true,true
"51","Willdenowia incurvata","1","600785","Willdenowia incurvata","1","species","","","","(Thunb.) H.P.Linder","Restionaceae","Willdenowia","Willdenowia","1","incurvata","incurvata","1","","","","","","","","","","","","https://www.worldfloraonline.org/taxon/wfo-0000607761;https://powo.science.kew.org/taxon/urn:lsid:ipni.org:names:942229-1","","Y","Accepted","Willdenowia incurvata","Willdenowia incurvata","(Thunb.) H.P.Linder","600785","species","https://www.worldfloraonline.org/taxon/wfo-0000607761;https://powo.science.kew.org/taxon/urn:lsid:ipni.org:names:942229-1","","Restionaceae",1,"1","wfo,wcvp","","51",true,true